proj,ver,class,wmc,dit,noc,cbo,rfc,lcom,ca,ce,npm,lcom3,loc,dam,moa,mfa,cam,ic,cbm,amc,max_cc,avg_cc,bug
log4j,1.1,org.apache.log4j.Category,50,1,2,46,90,637,38,12,43,0.814868805,778,0.5,5,0,0.149136578,0,0,14.28,6,2.08,9
log4j,1.1,org.apache.log4j.PropertyConfigurator,18,2,0,28,78,135,14,15,9,0.93627451,714,0.25,1,0.413793103,0.277777778,1,1,38,10,2.5,6
log4j,1.1,org.apache.log4j.Priority,11,1,0,31,14,15,31,0,9,0.792307692,174,0,5,0,0.35,0,0,13.63636364,7,2,5
log4j,1.1,org.apache.log4j.AsyncAppender,16,2,0,10,48,34,1,10,16,0.883333333,320,0,3,0.545454545,0.25,2,3,18.5,5,1.4375,5
log4j,1.1,org.apache.log4j.spi.LoggingEvent,15,1,0,42,48,77,35,8,9,0.898496241,304,0.421052632,4,0,0.196428571,0,0,18,4,1.4,4
log4j,1.1,org.apache.log4j.WriterAppender,19,2,1,9,43,85,2,7,13,0.703703704,285,0.666666667,1,0.529411765,0.190789474,1,3,13.84210526,5,1.8947,4
log4j,1.1,org.apache.log4j.AppenderSkeleton,22,1,8,20,35,175,11,9,21,0.904761905,193,0.875,5,0,0.201298701,0,0,7.409090909,4,1.3636,4
log4j,1.1,org.apache.log4j.net.SocketNode,4,1,0,7,25,0,3,4,2,0.733333333,109,0,2,0,0.416666667,0,0,25,2,0.75,3
log4j,1.1,org.apache.log4j.Hierarchy,23,1,0,23,65,125,15,10,20,0.873737374,530,0.111111111,3,0,0.186868687,0,0,21.65217391,6,1.913,3
log4j,1.1,org.apache.log4j.net.SMTPAppender,27,2,0,10,80,239,0,10,22,0.938034188,565,0.055555556,2,0.418604651,0.240740741,2,3,19.25925926,10,1.8519,3
log4j,1.1,org.apache.log4j.net.JMSSink,5,1,0,7,31,10,0,7,2,0.875,145,0,0,0,0.3,0,0,27.6,3,1.4,3
log4j,1.1,org.apache.log4j.helpers.OptionConverter,15,1,0,20,63,103,17,6,12,0.910714286,757,0,0,0,0.154761905,0,0,48.93333333,11,3,3
log4j,1.1,org.apache.log4j.FileAppender,16,3,1,8,40,0,1,7,13,0.666666667,306,0.6,0,0.755555556,0.322916667,1,13,17.8125,6,1.375,3
log4j,1.1,org.apache.log4j.StressCategory,13,1,0,4,40,8,0,4,2,0.697916667,516,0,4,0,0.15,0,0,38.07692308,7,2.7692,2
log4j,1.1,org.apache.log4j.config.PropertySetter,10,1,0,7,49,13,1,6,6,0.694444444,386,0.5,0,0,0.35,0,0,37.2,11,2.9,2
log4j,1.1,org.apache.log4j.NDC,12,1,0,12,41,0,10,2,9,0.666666667,275,0,0,0,0.090909091,0,0,21.66666667,6,2.25,2
log4j,1.1,org.apache.log4j.spi.ThrowableInformation,4,1,0,2,10,0,1,1,3,0.666666667,43,1,1,0,0.666666667,0,0,9,2,0.75,2
log4j,1.1,org.apache.log4j.HTMLLayout,16,2,0,5,41,74,0,5,13,0.916666667,853,0.375,0,0.363636364,0.244444444,1,1,51.8125,7,2,2
log4j,1.1,org.apache.log4j.BasicConfigurator,14,1,1,17,36,91,6,11,10,1.057692308,161,0,0,0,0.138461538,0,0,10.21428571,3,1,2
log4j,1.1,org.apache.log4j.net.JMSAppender,13,2,0,5,38,44,0,5,11,0.845238095,284,0,0,0.6,0.365384615,2,3,20.30769231,5,1.6923,2
log4j,1.1,org.apache.log4j.xml.examples.XCategory,14,2,0,9,33,53,1,9,11,0.876923077,188,0.4,1,0.796610169,0.442307692,1,3,12.07142857,3,1.6429,1
log4j,1.1,org.apache.log4j.helpers.DateLayout,11,2,0,6,27,19,0,6,11,0.911111111,199,0.555555556,0,0.444444444,0.303030303,0,0,16.27272727,7,2,1
log4j,1.1,org.apache.log4j.spi.Configurator,1,1,0,4,1,0,3,1,1,2,1,0,0,0,1,0,0,0,1,1,1
log4j,1.1,org.apache.log4j.nt.NTEventLogAppender,19,2,0,8,36,141,1,7,15,0.864197531,229,0.888888889,0,0.6,0.355555556,1,1,10.57894737,4,0.9474,1
log4j,1.1,org.apache.log4j.performance.NotLogging,8,1,0,6,31,22,0,6,2,0.942857143,324,0,7,0,0.285714286,0,0,38.25,5,2,1
log4j,1.1,org.apache.log4j.test.Shallow,8,1,0,5,39,24,0,5,2,0.714285714,328,0,1,0,0.214285714,0,0,39.75,2,1.125,1
log4j,1.1,org.apache.log4j.helpers.Loader,4,1,0,2,19,4,1,1,2,0.666666667,139,0,0,0,0.555555556,0,0,33.5,3,1.25,1
log4j,1.1,org.apache.log4j.test.SysoutConfigurator,2,1,0,7,7,1,0,7,2,2,15,0,0,0,0.666666667,0,0,6.5,1,0.5,1
log4j,1.1,org.apache.log4j.net.SimpleSocketServer,6,1,0,4,30,9,0,4,2,0.666666667,144,0,1,0,0.333333333,0,0,22.5,2,1,1
log4j,1.1,org.apache.log4j.net.SocketServer,8,1,0,6,48,6,0,6,2,0.666666667,356,0,3,0,0.257142857,0,0,42.375,3,1.75,1
log4j,1.1,org.apache.log4j.net.SyslogAppender,18,2,0,8,42,81,0,8,17,1,517,0.064516129,1,0.545454545,0.259259259,2,4,26,22,3.9444,1
log4j,1.1,org.apache.log4j.PatternLayout,10,2,0,7,19,27,3,4,9,0.901234568,130,0.666666667,1,0.5,0.5,0,0,11.1,3,1.2,1
log4j,1.1,org.apache.log4j.config.PropertyGetter,6,1,0,3,25,11,1,2,3,0.68,154,0.6,0,0,0.44,0,0,23.83333333,8,2.3333,1
log4j,1.1,org.apache.log4j.performance.Logging,8,1,0,3,30,12,0,3,2,0.666666667,228,0,1,0,0.321428571,0,0,26.75,4,1.75,1
log4j,1.1,org.apache.log4j.net.SocketAppender,22,2,0,9,51,95,3,7,18,0.888888889,414,0.133333333,1,0.486486486,0.198863636,2,3,17.13636364,6,1.5455,1
log4j,1.1,org.apache.log4j.spi.OptionHandler,3,1,0,7,3,3,7,0,3,2,3,0,0,0,0.666666667,0,0,0,1,1,1
log4j,1.1,org.apache.log4j.RollingFileAppender,15,3,0,10,44,3,0,10,13,0.767857143,334,0.5,0,0.733333333,0.241666667,1,10,21,5,1.3333,1
log4j,1.1,org.apache.log4j.net.test.SocketMin,8,1,0,7,42,14,0,7,2,0.75,308,0,2,0,0.238095238,0,0,37,4,1.5,0
log4j,1.1,org.apache.log4j.spi.VectorWriter,6,3,0,2,15,0,1,1,5,0,66,1,0,0.919354839,0.375,0,0,9.833333333,2,1,0
log4j,1.1,org.apache.log4j.test.DefaultInit,5,1,0,1,14,8,0,1,2,0.875,45,0,1,0,0.333333333,0,0,7.6,1,0.6,0
log4j,1.1,org.apache.log4j.RollingCalendar,4,3,0,0,13,0,0,0,2,0,161,0,0,0.975206612,0.583333333,0,0,39,3,1.25,0
log4j,1.1,org.apache.log4j.spi.Filter,5,1,0,4,6,10,2,2,5,1.25,13,0,1,0,0.466666667,0,0,0.8,1,0.8,0
log4j,1.1,org.apache.log4j.helpers.FormattingInfo,3,1,0,9,10,0,8,1,1,0,49,0,0,0,1,0,0,14.33333333,1,0.6667,0
log4j,1.1,org.apache.log4j.or.DefaultRenderer,2,1,0,2,4,1,1,1,1,2,8,0,0,0,0.75,0,0,3,1,0.5,0
log4j,1.1,org.apache.log4j.test.StressNDC,9,2,0,4,37,8,0,4,7,0.822916667,314,0,1,0.897058824,0.21875,0,0,32.55555556,7,2,0
log4j,1.1,org.apache.log4j.CategoryKey,4,1,0,1,11,2,1,0,2,0.777777778,61,0,0,0,0.5,1,1,13.5,6,2,0
log4j,1.1,org.apache.log4j.performance.NullAppender,6,2,0,3,8,15,0,3,6,1,34,0,0,0.818181818,0.5,1,1,4.333333333,2,0.8333,0
log4j,1.1,org.apache.log4j.test.ROFile,7,1,0,2,21,17,0,2,2,0.666666667,90,0,1,0,0.277777778,0,0,11.57142857,2,1,0
log4j,1.1,org.apache.log4j.ProvisionNode,1,4,0,2,3,0,1,1,0,2,7,0,0,1,1,0,0,6,0,0,0
log4j,1.1,org.apache.log4j.test.ConfigurationFileParsing,4,1,0,3,20,6,0,3,2,0.666666667,69,0,0,0,0.333333333,0,0,16,2,1.25,0
log4j,1.1,org.apache.log4j.spi.ErrorHandler,2,1,0,14,2,1,13,1,2,2,2,0,0,0,0.75,0,0,0,1,1,0
log4j,1.1,org.apache.log4j.spi.LocationInfo,6,1,0,9,21,0,7,2,5,0.88,286,0.2,0,0,0.466666667,0,0,45,6,3,0
log4j,1.1,org.apache.log4j.helpers.BoundedFIFO,10,1,0,3,17,0,2,1,9,0.555555556,243,0,1,0,0.466666667,0,0,22.8,5,2.1,0
log4j,1.1,org.apache.log4j.config.PropertyPrinter,10,1,0,7,42,39,1,6,6,0.644444444,328,1,0,0,0.314285714,0,0,31.3,9,2.8,0
log4j,1.1,org.apache.log4j.test.SpacePad,4,1,0,0,10,4,0,0,3,0.333333333,114,0,0,0,0.333333333,0,0,27.25,4,1.5,0
log4j,1.1,org.apache.log4j.or.RendererMap,9,1,0,5,19,10,3,2,7,0.375,120,0,1,0,0.4375,0,0,12.11111111,4,1.6667,0
log4j,1.1,org.apache.log4j.helpers.CyclicBuffer,7,1,0,2,13,0,1,1,7,0.333333333,246,0,1,0,0.523809524,0,0,33.42857143,7,2.7143,0
log4j,1.1,org.apache.log4j.DefaultCategoryFactory,2,1,0,4,4,1,2,2,1,2,10,0,0,0,0.75,0,0,4,1,0.5,0
log4j,1.1,org.apache.log4j.test.StressAsyncAppender,10,2,0,2,37,23,0,2,7,0.833333333,301,0,1,0.884057971,0.2,0,0,28.1,4,1.7,0
log4j,1.1,org.apache.log4j.helpers.DateTimeDateFormat,4,4,0,3,15,4,2,1,4,0.333333333,80,0,0,0.953488372,0.357142857,1,3,18.75,2,0.75,0
log4j,1.1,org.apache.log4j.net.test.Loop,4,1,0,7,27,4,0,7,2,0.666666667,134,0,0,0,0.333333333,0,0,32.25,3,1.5,0
log4j,1.1,org.apache.log4j.or.ThreadGroupRenderer,2,1,0,2,16,1,0,2,2,2,100,0,0,0,0.75,0,0,49,3,1.5,0
log4j,1.1,org.apache.log4j.net.test.SyslogMin,7,1,0,4,29,17,0,4,2,0.666666667,154,0,1,0,0.333333333,0,0,20.71428571,2,1,0
log4j,1.1,org.apache.log4j.spi.ErrorCode,0,1,0,0,0,0,0,0,0,2,7,0,0,0,0,0,0,0,0,0,0
log4j,1.1,org.apache.log4j.helpers.RelativeTimeDateFormat,3,3,0,1,7,1,1,0,3,0.5,20,1,0,0.951219512,0.444444444,1,3,5.333333333,1,0.6667,0
log4j,1.1,org.apache.log4j.RollingFileAppenderBeanInfo,3,2,0,1,15,1,0,1,2,0.833333333,105,0.333333333,0,0.818181818,0.5,0,0,33,1,0.6667,0
log4j,1.1,org.apache.log4j.helpers.AbsoluteTimeDateFormat,4,3,2,4,12,6,4,0,4,1.333333333,111,0,0,0.951219512,0.357142857,1,3,26,6,1.75,0
log4j,1.1,org.apache.log4j.test.DelayedLoop,7,1,0,3,25,17,0,3,2,0.833333333,105,0,1,0,0.277777778,0,0,13.57142857,2,1.1429,0
log4j,1.1,org.apache.log4j.or.ObjectRenderer,1,1,0,7,1,0,7,0,1,2,1,0,0,0,1,0,0,0,1,1,0
log4j,1.1,org.apache.log4j.performance.ListVsVector,5,1,0,1,17,0,0,1,2,0.5,163,0,1,0,0.25,0,0,30.8,3,1.4,0
log4j,1.1,org.apache.log4j.test.Finalize,9,1,0,3,34,34,0,3,2,0.875,167,0,1,0,0.175,0,0,17.33333333,3,1.4444,0
log4j,1.1,org.apache.log4j.test.MultipleAppenders,2,1,0,3,20,1,0,3,2,2,85,0,0,0,0.5,0,0,41.5,6,3,0
log4j,1.1,org.apache.log4j.spi.CategoryFactory,1,1,0,6,1,0,6,1,1,2,1,0,0,0,1,0,0,0,1,1,0
log4j,1.1,org.apache.log4j.helpers.PatternParser,8,1,0,15,41,8,4,14,2,0.956043956,693,0.461538462,3,0,0.375,0,0,82.375,21,6.25,0
log4j,1,org.apache.log4j.Category,49,1,3,60,96,688,53,12,42,0.828947368,800,0.473684211,5,0,0.150641026,0,0,14.93877551,6,2.1429,9
log4j,1,org.apache.log4j.AsyncAppender,12,2,0,9,39,14,0,9,12,0.863636364,174,0,3,0.620689655,0.375,2,3,13,4,1.3333,5
log4j,1,org.apache.log4j.helpers.Loader,4,1,0,0,15,6,0,0,4,2,73,0,0,0,0.333333333,0,0,17.25,1,0.75,3
log4j,1,org.apache.log4j.net.SMTPAppender,13,2,0,9,62,52,0,9,8,0.939814815,449,0,2,0.620689655,0.346153846,2,3,32.15384615,10,2.3846,3
log4j,1,org.apache.log4j.xml.DOMConfigurator,22,2,0,19,95,223,6,15,8,1.013605442,1176,0,0,0.375,0.216450216,1,1,51.18181818,11,3.2273,3
log4j,1,org.apache.log4j.helpers.OptionConverter,13,1,0,22,54,76,20,6,10,0.861111111,537,0,0,0,0.183333333,0,0,39.84615385,11,3,3
log4j,1,org.apache.log4j.net.SyslogAppender,12,2,0,10,35,24,0,10,11,0.994134897,531,0.064516129,2,0.666666667,0.366666667,2,4,40.66666667,23,5.0833,2
log4j,1,org.apache.log4j.helpers.LogLog,7,1,0,28,16,9,28,1,6,1,91,0.75,0,0,0.333333333,0,0,11.42857143,3,1.2857,2
log4j,1,org.apache.log4j.spi.LoggingEvent,9,1,0,53,27,20,50,4,6,0.894230769,151,0.076923077,2,0,0.232142857,0,0,14.33333333,3,1.3333,2
log4j,1,org.apache.log4j.HTMLLayout,10,2,0,6,33,33,0,6,9,0.933333333,321,0.6,0,0.470588235,0.325,1,1,30.6,5,1.7,2
log4j,1,org.apache.log4j.PropertyConfigurator,19,2,0,28,79,153,16,14,9,0.939814815,754,0.25,1,0.4,0.257309942,1,1,38.05263158,10,2.4211,2
log4j,1,org.apache.log4j.helpers.FileWatchdog,5,2,2,5,17,2,4,1,2,0.625,95,0.333333333,0,0.938461538,0.466666667,1,1,16.8,3,1.4,2
log4j,1,org.apache.log4j.Hierarchy,12,1,0,21,43,24,15,7,9,0.704545455,346,0.25,3,0,0.272727273,0,0,27.5,6,2.1667,2
log4j,1,org.apache.log4j.helpers.OnlyOnceErrorHandler,6,1,0,3,9,9,1,2,6,0.866666667,44,0,0,0,0.458333333,0,0,5.833333333,2,1.1667,1
log4j,1,org.apache.log4j.BasicConfigurator,14,1,2,20,42,91,9,11,9,1.051282051,247,0,0,0,0.134615385,0,0,16.42857143,3,1.2857,1
log4j,1,org.apache.log4j.RollingFileAppender,13,3,1,10,42,0,2,8,11,0.729166667,289,0.5,0,0.804878049,0.247863248,1,10,20.92307692,5,1.2308,1
log4j,1,org.apache.log4j.NDC,12,1,0,12,41,0,10,2,9,0.666666667,275,0,0,0,0.090909091,0,0,21.66666667,6,2.25,1
log4j,1,org.apache.log4j.Priority,10,1,2,40,13,15,40,0,8,0.811965812,169,0,5,0,0.333333333,0,0,14.6,7,2.1,1
log4j,1,org.apache.log4j.spi.LocationInfo,6,1,0,7,21,0,5,2,5,0.9,274,0.2,0,0,0.466666667,0,0,43,5,2.8333,1
log4j,1,org.apache.log4j.xml.XMLLayout,6,2,0,5,24,9,0,5,6,0.92,241,0.8,0,0.615384615,0.444444444,1,1,38.33333333,5,1.8333,1
log4j,1,org.apache.log4j.test.ShortSocketServer,7,1,0,5,35,15,0,5,2,0.75,179,0,1,0,0.25,0,0,24,2,1,1
log4j,1,org.apache.log4j.FileAppender,20,2,2,17,46,58,9,8,15,0.649122807,413,0.666666667,2,0.545454545,0.2375,1,3,19.2,7,1.65,1
log4j,1,org.apache.log4j.Appender,9,1,0,22,9,36,18,4,9,2,9,0,0,0,0.259259259,0,0,0,1,1,1
log4j,1,org.apache.log4j.nt.NTEventLogAppender,14,2,0,6,26,83,1,5,10,0.871794872,157,1,0,0.72,0.384615385,1,1,9.785714286,4,0.7143,1
log4j,1,org.apache.log4j.xml.examples.XCategory,10,2,0,7,27,29,1,7,8,0.911111111,145,0.2,1,0.854545455,0.777777778,1,4,13,3,1.4,1
log4j,1,org.apache.log4j.spi.Filter,5,1,3,8,6,10,6,2,5,1.25,13,0,1,0,0.466666667,0,0,0.8,1,0.8,1
log4j,1,org.apache.log4j.net.SocketAppender,14,2,0,8,43,41,3,6,10,0.846153846,359,0.153846154,1,0.620689655,0.244897959,2,3,23.71428571,6,1.6429,1
log4j,1,org.apache.log4j.net.SocketServer,8,1,0,6,49,6,0,6,2,0.666666667,389,0,3,0,0.257142857,0,0,46.5,3,1.75,1
log4j,1,org.apache.log4j.helpers.PatternParser,8,1,0,15,41,8,4,14,2,0.956043956,691,0.461538462,3,0,0.375,0,0,82.125,21,6.25,1
log4j,1,org.apache.log4j.performance.Logging,7,1,0,3,27,5,0,3,2,0.566666667,196,0,1,0,0.333333333,0,0,26.28571429,4,1.7143,1
log4j,1,org.apache.log4j.helpers.CyclicBuffer,7,1,0,4,13,0,3,1,7,0.366666667,236,0,1,0,0.523809524,0,0,32,6,2.5714,1
log4j,1,org.apache.log4j.varia.PriorityMatchFilter,4,2,0,4,8,0,0,4,4,0.916666667,69,0,1,0.571428571,0.5,0,0,15.25,4,2,1
log4j,1,org.apache.log4j.PatternLayout,9,2,0,13,18,30,9,4,8,0.9375,114,0.625,1,0.533333333,0.518518519,0,0,10.77777778,3,1.2222,1
log4j,1,org.apache.log4j.test.Shallow,8,1,0,4,38,24,0,4,2,0.714285714,322,0,1,0,0.214285714,0,0,39,2,1,1
log4j,1,org.apache.log4j.helpers.ISO8601DateFormat,4,4,0,3,12,6,2,1,4,2,99,0,0,0.953488372,0.357142857,1,3,23.75,3,1,0
log4j,1,org.apache.log4j.xml.Transform,2,1,0,0,3,1,0,0,2,2,6,0,0,0,0.5,0,0,2,1,0.5,0
log4j,1,org.apache.log4j.helpers.AppenderAttachableImpl,8,1,0,6,22,0,3,3,8,0.142857143,176,1,0,0,0.40625,0,0,20.875,5,3.125,0
log4j,1,org.apache.log4j.helpers.DateLayout,8,2,1,7,24,12,1,6,8,0.936507937,179,0.555555556,0,0.533333333,0.333333333,0,0,20.25,7,2.25,0
log4j,1,org.apache.log4j.Layout,10,1,5,34,13,45,32,2,9,1,28,0,0,0,0.407407407,0,0,1.6,1,0.8,0
log4j,1,org.apache.log4j.net.DefaultEvaluator,2,1,0,4,4,1,1,3,1,2,10,0,0,0,0.75,0,0,4,1,0.5,0
log4j,1,org.apache.log4j.test.DefaultInit,5,1,0,1,14,8,0,1,2,0.875,45,0,1,0,0.333333333,0,0,7.6,1,0.6,0
log4j,1,org.apache.log4j.Dispatcher,2,2,0,4,11,0,1,3,1,0,67,0,2,0.983870968,0.666666667,0,0,31.5,5,2.5,0
log4j,1,org.apache.log4j.performance.ConcatVsArray,3,1,0,0,14,3,0,0,2,2,133,0,0,0,0.333333333,0,0,43.33333333,4,1.6667,0
log4j,1,org.apache.log4j.TTCCLayout,8,3,0,7,25,0,2,5,8,0.795918367,217,0.571428571,0,0.714285714,0.40625,1,1,25.25,5,1.625,0
log4j,1,org.apache.log4j.test.Hello,4,1,0,2,12,4,0,2,2,0.833333333,38,0,1,0,0.333333333,0,0,8,1,0.5,0
log4j,1,org.apache.log4j.spi.OptionHandler,3,1,0,8,3,3,8,0,3,2,3,0,0,0,0.666666667,0,0,0,1,1,0
log4j,1,org.apache.log4j.net.SocketNode,4,1,0,7,25,0,3,4,2,0.733333333,106,0,2,0,0.416666667,0,0,24.25,2,0.75,0
log4j,1,org.apache.log4j.test.L7D,6,1,0,3,25,13,0,3,2,0.7,202,0,0,0,0.277777778,0,0,32.33333333,2,1.3333,0
log4j,1,org.apache.log4j.gui.AddAction,3,1,0,2,8,1,2,2,2,0.75,42,0,0,0,0.625,0,0,12.33333333,1,0.3333,0
log4j,1,org.apache.log4j.test.Finalize,9,1,0,3,34,34,0,3,2,0.875,167,0,1,0,0.175,0,0,17.33333333,3,1.4444,0
log4j,1,org.apache.log4j.test.MultipleAppenders,2,1,0,3,20,1,0,3,2,2,85,0,0,0,0.5,0,0,41.5,6,3,0
log4j,1,org.apache.log4j.helpers.NullEnumeration,5,1,0,1,7,8,1,0,3,0.75,22,1,1,0,0.75,0,0,3.2,1,0.6,0
log4j,1,org.apache.log4j.AppenderSkeleton,19,1,9,20,31,131,11,9,18,0.909722222,181,0.875,5,0,0.210526316,0,0,8.105263158,4,1.4211,0
log4j,1,org.apache.log4j.nt.test.NTMin,7,1,0,6,30,17,0,6,2,0.75,144,0,1,0,0.277777778,0,0,19.28571429,2,0.8571,0
log4j,1,org.apache.log4j.helpers.QuietWriter,4,3,2,9,12,0,8,1,4,0,57,1,1,0.857142857,0.5,2,2,13,2,1,0
log4j,1,org.apache.log4j.CategoryKey,4,1,0,1,11,2,1,0,2,0.777777778,61,0,0,0,0.5,1,1,13.5,6,2,0
log4j,1,org.apache.log4j.test.ConfigurationFileParsing,4,1,0,3,19,6,0,3,2,0.666666667,68,0,0,0,0.333333333,0,0,15.75,2,1.25,0
log4j,1,org.apache.log4j.test.X,0,1,0,1,0,0,1,0,0,2,0,0,0,0,0,0,0,0,0,0,0
log4j,1,org.apache.log4j.test.Y,0,1,0,2,0,0,1,1,0,2,0,0,0,0,0,0,0,0,0,0,0
log4j,1,org.apache.log4j.performance.NOPWriter,8,2,0,0,10,28,0,0,8,2,21,0,0,0.65,0.46875,1,2,1.625,1,0.875,0
log4j,1,org.apache.log4j.xml.test.TCategory,10,2,0,7,27,29,1,7,8,0.911111111,145,0.2,1,0.854545455,0.555555556,1,3,13,3,1.4,0
log4j,1,org.apache.log4j.xml.examples.XPriority,4,2,0,2,9,0,1,1,2,1,62,0,2,0.8,0.555555556,1,1,13,4,1.75,0
log4j,1,org.apache.log4j.test.CategoryWrapper,7,1,0,6,22,11,0,6,3,0.666666667,107,0,1,0,0.375,0,0,13.85714286,2,0.8571,0
log4j,1,org.apache.log4j.gui.JTableAddAction,2,1,0,4,12,0,1,4,2,0,69,0,2,0,0.666666667,0,0,32,2,1,0
log4j,1,org.apache.log4j.PropertyWatchdog,2,3,0,4,5,1,1,4,1,2,14,0,0,0.984848485,0.75,1,1,6,1,0.5,0
log4j,1,org.apache.log4j.test.A,1,1,1,2,2,0,1,1,0,2,4,0,0,0,1,0,0,3,0,0,0
xerces,1.4.4,org.w3c.dom.html.HTMLTitleElement,2,1,0,0,2,1,0,0,2,2,2,0,0,0,0.75,0,0,0,1,1,0
xerces,1.4.4,org.w3c.dom.html.HTMLLegendElement,5,1,0,0,5,10,0,0,5,2,5,0,0,0,0.7,0,0,0,1,1,0
xerces,1.4.4,org.w3c.dom.events.EventListener,1,1,0,0,1,0,0,0,1,2,1,0,0,0,1,0,0,0,1,1,0
xerces,1.4.4,org.xml.sax.ext.LexicalHandler,7,1,0,0,7,21,0,0,7,2,7,0,0,0,0.428571429,0,0,0,1,1,0
xerces,1.4.4,org.w3c.dom.traversal.NodeIterator,7,1,0,0,7,21,0,0,7,2,7,0,0,0,1,0,0,0,1,1,0
xerces,1.4.4,org.w3c.dom.events.EventException,1,4,0,0,2,0,0,0,1,2,10,0,0,1,1,0,0,7,0,0,0
xerces,1.4.4,org.w3c.dom.html.HTMLParagraphElement,2,1,0,0,2,1,0,0,2,2,2,0,0,0,0.75,0,0,0,1,1,0
xerces,1.4.4,org.xml.sax.XMLFilter,2,1,0,0,2,1,0,0,2,2,2,0,0,0,0.75,0,0,0,1,1,0
xerces,1.4.4,org.w3c.dom.events.Event,10,1,0,0,10,45,0,0,10,1.111111111,13,0,0,0,0.4,0,0,0,1,1,0
xerces,1.4.4,org.xml.sax.ext.DeclHandler,4,1,0,0,4,6,0,0,4,2,4,0,0,0,1,0,0,0,1,1,0
xerces,1.4.4,org.w3c.dom.DocumentType,6,1,0,0,6,15,0,0,6,2,6,0,0,0,1,0,0,0,1,1,0
xerces,1.4.4,org.w3c.dom.html.HTMLMenuElement,2,1,0,0,2,1,0,0,2,2,2,0,0,0,0.75,0,0,0,1,1,0
xerces,1.4.4,javax.xml.parsers.DocumentBuilder,12,1,1,0,22,66,0,0,11,2,100,0,0,0,0.238095238,0,0,7.333333333,1,0.9167,0
xerces,1.4.4,org.w3c.dom.html.HTMLFrameElement,16,1,0,0,16,120,0,0,16,2,16,0,0,0,0.5,0,0,0,1,1,0
xerces,1.4.4,org.apache.xerces.impl.dv.dtd.DatatypeValidatorFactory,1,1,0,8,1,0,5,3,1,2,1,0,0,0,1,0,0,0,1,1,0
xerces,1.4.4,org.w3c.dom.html.HTMLOptionElement,13,1,0,0,13,78,0,0,13,2,13,0,0,0,0.461538462,0,0,0,1,1,0
xerces,1.4.4,org.w3c.dom.html.HTMLHeadElement,2,1,0,0,2,1,0,0,2,2,2,0,0,0,0.75,0,0,0,1,1,0
xerces,1.4.4,org.w3c.dom.html.HTMLFontElement,6,1,0,0,6,15,0,0,6,2,6,0,0,0,0.75,0,0,0,1,1,0
xerces,1.4.4,org.w3c.dom.events.EventTarget,3,1,0,0,3,3,0,0,3,2,3,0,0,0,0.666666667,0,0,0,1,1,0
xerces,1.4.4,org.w3c.dom.html.HTMLLabelElement,5,1,0,0,5,10,0,0,5,2,5,0,0,0,0.7,0,0,0,1,1,0
xerces,1.4.4,org.w3c.dom.html.HTMLInputElement,38,1,0,0,38,703,0,0,38,2,38,0,0,0,0.355263158,0,0,0,1,1,0
xerces,1.4.4,org.apache.xerces.dom3.ls.DocumentLS,6,1,0,0,6,15,0,0,6,2,6,0,0,0,0.416666667,0,0,0,1,1,0
xerces,1.4.4,org.xml.sax.helpers.DefaultHandler,18,1,1,0,19,153,0,0,18,2,40,0,0,0,0.285714286,0,0,1.222222222,1,0.9444,0
xerces,1.4.4,org.xml.sax.DTDHandler,2,1,0,0,2,1,0,0,2,2,2,0,0,0,1,0,0,0,1,1,0
xerces,1.4.4,org.apache.xerces.dom3.ls.DOMBuilder,12,1,0,6,12,66,2,4,12,1.090909091,16,0,0,0,0.231481481,0,0,0,1,1,0
xerces,1.4.4,org.w3c.dom.html.HTMLSelectElement,22,1,0,0,22,231,0,0,22,2,22,0,0,0,0.281818182,0,0,0,1,1,0
xerces,1.4.4,org.apache.xerces.impl.validation.ValidationContext,7,1,0,22,7,21,22,0,7,2,7,0,0,0,1,0,0,0,1,1,0
xerces,1.4.4,org.apache.xerces.impl.dv.dtd.StatefullDatatypeValidator,3,1,0,5,3,3,4,1,3,2,3,0,0,0,0.666666667,0,0,0,1,1,0
xerces,1.4.4,javax.xml.parsers.FactoryConfigurationError,6,3,0,0,11,0,0,0,6,0,52,1,0,0.894736842,0.555555556,1,1,7.5,3,0.6667,0
xerces,1.4.4,org.w3c.dom.html.HTMLParamElement,8,1,0,0,8,28,0,0,8,2,8,0,0,0,0.75,0,0,0,1,1,0
xerces,1.4.4,org.w3c.dom.html.HTMLQuoteElement,2,1,0,0,2,1,0,0,2,2,2,0,0,0,0.75,0,0,0,1,1,0
xerces,1.4.4,org.w3c.dom.html.HTMLLinkElement,18,1,0,0,18,153,0,0,18,2,18,0,0,0,0.5,0,0,0,1,1,0
xerces,1.4.4,org.xml.sax.SAXNotSupportedException,1,4,0,0,2,0,0,0,1,2,5,0,0,1,1,0,0,4,0,0,0
xerces,1.4.4,org.w3c.dom.html.HTMLObjectElement,35,1,0,0,35,595,0,0,35,2,35,0,0,0,0.371428571,0,0,0,1,1,0
xerces,1.4.4,org.w3c.dom.html.HTMLDocument,19,1,0,0,19,171,0,0,19,2,19,0,0,0,0.438596491,0,0,0,1,1,0
xerces,1.4.4,org.apache.xerces.dom3.ls.DOMEntityResolver,1,1,0,2,1,0,1,1,1,2,1,0,0,0,1,0,0,0,1,1,0
xerces,1.4.4,org.w3c.dom.html.HTMLModElement,4,1,0,0,4,6,0,0,4,2,4,0,0,0,0.75,0,0,0,1,1,0
xerces,1.4.4,org.w3c.dom.html.HTMLDOMImplementation,1,1,0,0,1,0,0,0,1,2,1,0,0,0,1,0,0,0,1,1,0
xerces,1.4.4,org.w3c.dom.traversal.DocumentTraversal,2,1,0,0,2,1,0,0,2,2,2,0,0,0,1,0,0,0,1,1,0
xerces,1.4.4,org.xml.sax.InputSource,14,1,0,0,15,81,0,0,14,0.876923077,75,1,0,0,0.392857143,0,0,4,1,0.7143,0
xerces,1.4.4,org.xml.sax.DocumentHandler,8,1,0,0,8,28,0,0,8,2,8,0,0,0,0.354166667,0,0,0,1,1,0
xerces,1.4.4,org.apache.xerces.impl.dv.dtd.InvalidDatatypeValueException,10,4,0,13,13,0,13,0,10,0.592592593,75,1,0,0.769230769,0.425,0,0,6.2,1,0.6,0
xerces,1.4.4,org.xml.sax.HandlerBase,15,1,0,0,16,105,0,0,15,2,34,0,0,0,0.285714286,0,0,1.266666667,1,0.9333,0
xerces,1.4.4,org.w3c.dom.html.HTMLBaseFontElement,6,1,0,0,6,15,0,0,6,2,6,0,0,0,0.75,0,0,0,1,1,0
xerces,1.4.4,org.w3c.dom.ProcessingInstruction,3,1,0,0,3,3,0,0,3,2,3,0,0,0,0.666666667,0,0,0,1,1,0
xerces,1.4.4,org.w3c.dom.html.HTMLDivElement,2,1,0,0,2,1,0,0,2,2,2,0,0,0,0.75,0,0,0,1,1,0
xerces,1.4.4,org.apache.xerces.impl.xs.identity.IDValue,3,1,0,6,10,0,5,1,3,0.25,113,1,1,0,0.5,0,0,36,13,4.6667,0
xerces,1.4.4,org.xml.sax.helpers.NamespaceSupport,13,1,0,0,30,4,0,0,11,0.733333333,238,0.8,2,0,0.375,0,0,16.92307692,4,1.4615,0
xerces,1.4.4,javax.xml.parsers.SAXParserFactory,9,1,1,0,14,24,0,0,8,0.75,48,1,0,0,0.481481481,0,0,4.111111111,1,0.8889,0
xerces,1.4.4,org.w3c.dom.ranges.DocumentRange,1,1,0,0,1,0,0,0,1,2,1,0,0,0,1,0,0,0,1,1,0
xerces,1.4.4,org.w3c.dom.html.HTMLMapElement,3,1,0,0,3,3,0,0,3,2,3,0,0,0,0.666666667,0,0,0,1,1,0
xerces,1.4.4,org.w3c.dom.DocumentFragment,0,1,0,0,0,0,0,0,0,2,0,0,0,0,0,0,0,0,0,0,0
xerces,1.4.4,org.xml.sax.ErrorHandler,3,1,0,0,3,3,0,0,3,2,3,0,0,0,1,0,0,0,1,1,0
xerces,1.4.4,org.w3c.dom.DOMImplementation,3,1,0,0,3,3,0,0,3,2,3,0,0,0,0.777777778,0,0,0,1,1,0
xerces,1.4.4,org.w3c.dom.html.HTMLHtmlElement,2,1,0,0,2,1,0,0,2,2,2,0,0,0,0.75,0,0,0,1,1,0
xerces,1.4.4,org.w3c.dom.html.HTMLDListElement,2,1,0,0,2,1,0,0,2,2,2,0,0,0,0.75,0,0,0,1,1,0
xerces,1.4.4,org.w3c.dom.events.DocumentEvent,1,1,0,0,1,0,0,0,1,2,1,0,0,0,1,0,0,0,1,1,0
xerces,1.4.4,org.w3c.dom.CDATASection,0,1,0,0,0,0,0,0,0,2,0,0,0,0,0,0,0,0,0,0,0
xerces,1.4.4,javax.xml.parsers.DocumentBuilderFactory,17,1,1,0,22,100,0,0,16,0.875,100,1,0,0,0.367647059,0,0,4.529411765,1,0.9412,0
xerces,1.4.4,org.apache.xerces.dom3.ls.LSProgressEvent,3,1,0,1,3,3,0,1,3,2,3,0,0,0,1,0,0,0,1,1,0
xerces,1.4.4,org.apache.xml.serialize.SieveEncodingInfo,3,2,0,3,12,1,1,2,3,0,159,0,1,0.75,0.888888889,0,0,51,9,3,0
xerces,1.4.4,org.xml.sax.Attributes,12,1,0,0,12,66,0,0,12,2,12,0,0,0,0.638888889,0,0,0,1,1,0
xerces,1.4.4,org.w3c.dom.html.HTMLHRElement,8,1,0,0,8,28,0,0,8,2,8,0,0,0,0.5,0,0,0,1,1,0
xerces,1.4.4,org.apache.xerces.impl.xs.traversers.OneAttr,1,1,0,2,2,0,2,0,1,2,20,0,0,0,1,0,0,15,0,0,0
xerces,1.4.4,org.w3c.dom.NamedNodeMap,8,1,0,0,8,28,0,0,8,2,8,0,0,0,0.46875,0,0,0,1,1,0
xerces,1.4.4,org.w3c.dom.ranges.RangeException,1,4,1,0,2,0,0,0,1,2,11,0,0,1,1,0,0,7,0,0,0
xerces,1.4.4,org.w3c.dom.Node,25,1,0,0,25,300,0,0,25,1.041666667,37,0,0,0,0.33,0,0,0,1,1,0
xerces,1.4.4,org.apache.xerces.impl.msg.ExceptionMessagesLocalizer,2,1,0,0,17,1,0,0,2,2,103,0,0,0,0.5,0,0,50,10,5,0
xerces,1.4.4,org.w3c.dom.html.HTMLCollection,3,1,0,0,3,3,0,0,3,2,3,0,0,0,0.555555556,0,0,0,1,1,0
xerces,1.4.4,org.w3c.dom.html.HTMLAnchorElement,26,1,0,0,26,325,0,0,26,2,26,0,0,0,0.487179487,0,0,0,1,1,0
xerces,1.4.4,org.w3c.dom.html.HTMLTableCaptionElement,2,1,0,0,2,1,0,0,2,2,2,0,0,0,0.75,0,0,0,1,1,0
xerces,1.4.4,org.w3c.dom.html.HTMLScriptElement,14,1,0,0,14,91,0,0,14,2,14,0,0,0,0.5,0,0,0,1,1,0
xerces,1.4.4,org.apache.xerces.impl.msg.DatatypeMessages,3,3,0,0,4,1,0,0,2,0.5,247,0,0,0.974358974,1,0,0,81,1,0.3333,0
xerces,1.4.4,org.w3c.dom.html.HTMLStyleElement,6,1,0,0,6,15,0,0,6,2,6,0,0,0,0.5,0,0,0,1,1,0
xerces,1.4.4,org.w3c.dom.html.HTMLTableElement,34,1,0,0,34,561,0,0,34,2,34,0,0,0,0.282352941,0,0,0,1,1,0
xerces,1.4.4,org.apache.xerces.dom3.ls.LSLoadEvent,2,1,0,1,2,1,0,1,2,2,2,0,0,0,1,0,0,0,1,1,0
xerces,1.4.4,org.xml.sax.AttributeList,6,1,0,0,6,15,0,0,6,2,6,0,0,0,0.611111111,0,0,0,1,1,0
xerces,1.4.4,org.apache.xerces.impl.xs.traversers.OneElement,2,1,0,2,6,1,1,1,2,0,43,0,1,0,0.833333333,0,0,19,0,0,0
xerces,1.4.4,org.apache.xerces.impl.dv.dtd.DatatypeMessageProvider,5,1,0,3,9,4,2,1,4,1.2,135,0.08,0,0,0.5,0,0,21,1,0.6,0
xerces,1.4.4,org.w3c.dom.ranges.Range,24,1,0,0,24,276,0,0,24,1.043478261,28,0,0,0,0.270833333,0,0,0,1,1,0
xerces,1.4.4,org.xml.sax.helpers.ParserAdapter,30,1,0,0,88,177,0,0,24,0.882032668,887,0.736842105,9,0,0.126666667,0,0,27.93333333,4,1.2333,0
xerces,1.4.4,org.w3c.dom.html.HTMLTableColElement,12,1,0,0,12,66,0,0,12,2,12,0,0,0,0.5,0,0,0,1,1,0
xerces,1.4.4,org.w3c.dom.CharacterData,8,1,0,0,8,28,0,0,8,2,8,0,0,0,0.666666667,0,0,0,1,1,0
xerces,1.4.4,org.apache.xerces.dom3.ls.DOMImplementationLS,3,1,0,3,3,3,0,3,3,1.5,5,0,0,0,0.666666667,0,0,0,1,1,0
xerces,1.4.4,org.xml.sax.ContentHandler,11,1,0,0,11,55,0,0,11,2,11,0,0,0,0.348484848,0,0,0,1,1,0
xerces,1.4.4,org.w3c.dom.Comment,0,1,0,0,0,0,0,0,0,2,0,0,0,0,0,0,0,0,0,0,0
xerces,1.4.4,org.apache.xerces.dom3.ls.DOMWriter,12,1,0,3,12,66,2,1,12,2,12,0,0,0,0.319444444,0,0,0,1,1,0
xerces,1.4.4,org.w3c.dom.html.HTMLTableSectionElement,11,1,0,0,11,55,0,0,11,2,11,0,0,0,0.515151515,0,0,0,1,1,0
xerces,1.4.4,org.w3c.dom.Text,1,1,0,0,1,0,0,0,1,2,1,0,0,0,1,0,0,0,1,1,0
xerces,1.4.4,org.xml.sax.SAXParseException,9,4,0,0,15,28,0,0,8,0.375,106,1,0,0.8,0.466666667,0,0,10.33333333,1,0.5556,0
xerces,1.4.4,org.w3c.dom.html.HTMLBaseElement,4,1,0,0,4,6,0,0,4,2,4,0,0,0,0.75,0,0,0,1,1,0
xerces,1.4.4,org.apache.xerces.impl.msg.ImplementationMessages,3,3,0,0,4,1,0,0,2,0.5,247,0,0,0.974358974,1,0,0,81,1,0.3333,0
xerces,1.4.4,org.apache.xerces.impl.dv.dtd.DatatypeValidatorFactoryImpl,9,1,0,13,38,10,2,11,5,0.767857143,309,0.571428571,0,0,0.285714286,0,0,32.55555556,2,1.1111,0
xerces,1.4.4,org.w3c.dom.DOMException,1,4,0,0,2,0,0,0,1,2,24,0,0,1,1,0,0,7,0,0,0
xerces,1.4.4,org.w3c.dom.traversal.NodeFilter,1,1,0,0,1,0,0,0,1,2,17,0,0,0,1,0,0,0,1,1,0
xerces,1.4.4,org.apache.xerces.impl.xs.util.Base64,12,1,0,1,15,58,1,0,8,1.037878788,969,1,0,0,0.25,0,0,78.75,19,4.9167,0
xerces,1.4.4,org.w3c.dom.Notation,2,1,0,0,2,1,0,0,2,2,2,0,0,0,1,0,0,0,1,1,0
xerces,1.4.4,org.apache.xerces.impl.xs.XSAttributeUse,1,1,0,8,2,0,7,1,1,2,20,0,1,0,1,0,0,15,0,0,0
xerces,1.4.4,org.w3c.dom.html.HTMLTableRowElement,15,1,0,0,15,105,0,0,15,2,15,0,0,0,0.488888889,0,0,0,1,1,0
xerces,1.4.4,org.w3c.dom.NodeList,2,1,0,0,2,1,0,0,2,2,2,0,0,0,0.75,0,0,0,1,1,0
xerces,1.4.4,org.apache.xerces.dom3.ls.DOMWriterFilter,1,1,0,0,1,0,0,0,1,2,1,0,0,0,1,0,0,0,1,1,0
xerces,1.4.4,org.xml.sax.helpers.LocatorImpl,10,1,0,0,15,37,0,0,10,0.777777778,64,1,0,0,0.375,0,0,5,1,0.8,0
xerces,1.4.4,org.w3c.dom.html.HTMLMetaElement,8,1,0,0,8,28,0,0,8,2,8,0,0,0,0.75,0,0,0,1,1,0
xerces,1.4.4,org.apache.xerces.impl.msg.ExceptionMessages,3,3,0,0,4,1,0,0,2,0.5,923,0,0,0.974358974,1,0,0,306.3333333,1,0.3333,0
xerces,1.4.4,javax.xml.parsers.ParserConfigurationException,2,3,0,0,4,1,0,0,2,2,9,0,0,1,0.75,0,0,3.5,0,0,0
xerces,1.4.4,org.xml.sax.XMLReader,14,1,0,0,14,91,0,0,14,2,14,0,0,0,0.206349206,0,0,0,1,1,0
xerces,1.4.4,org.apache.xerces.impl.dv.dtd.AbstractDatatypeValidator,5,1,7,10,6,10,7,3,3,1.25,17,1,0,0,0.366666667,0,0,2.2,1,0.6,0
xerces,1.4.4,org.w3c.dom.html.HTMLOptGroupElement,4,1,0,0,4,6,0,0,4,2,4,0,0,0,0.5,0,0,0,1,1,0
xerces,1.4.4,org.w3c.dom.html.HTMLIFrameElement,20,1,0,0,20,190,0,0,20,2,20,0,0,0,0.75,0,0,0,1,1,0
xerces,1.4.4,org.xml.sax.helpers.XMLReaderAdapter,22,1,0,0,43,127,0,0,20,0.698412698,161,0,3,0,0.15034965,0,0,6.181818182,2,0.9545,0
xerces,1.4.4,org.w3c.dom.html.HTMLElement,10,1,0,0,10,45,0,0,10,2,10,0,0,0,0.75,0,0,0,1,1,0
xerces,1.4.4,org.xml.sax.Parser,7,1,0,0,7,21,0,0,7,2,7,0,0,0,0.25,0,0,0,1,1,0
xerces,1.4.4,org.w3c.dom.traversal.TreeWalker,13,1,0,0,13,78,0,0,13,2,13,0,0,0,0.538461538,0,0,0,1,1,0
xerces,1.4.4,org.w3c.dom.html.HTMLDirectoryElement,2,1,0,0,2,1,0,0,2,2,2,0,0,0,0.75,0,0,0,1,1,0
xerces,1.4.4,org.xml.sax.EntityResolver,1,1,0,0,1,0,0,0,1,2,1,0,0,0,1,0,0,0,1,1,0
xerces,1.4.4,org.w3c.dom.EntityReference,0,1,0,0,0,0,0,0,0,2,0,0,0,0,0,0,0,0,0,0,0
xerces,1.4.4,org.w3c.dom.html.HTMLAppletElement,22,1,0,0,22,231,0,0,22,2,22,0,0,0,0.75,0,0,0,1,1,0
xerces,1.4.4,org.xml.sax.Locator,4,1,0,0,4,6,0,0,4,2,4,0,0,0,1,0,0,0,1,1,0
xerces,1.4.4,org.apache.xerces.dom3.ls.ParseErrorEvent,1,1,0,1,1,0,0,1,1,2,1,0,0,0,1,0,0,0,1,1,0
xerces,1.4.4,org.w3c.dom.html.HTMLAreaElement,16,1,0,0,16,120,0,0,16,2,16,0,0,0,0.375,0,0,0,1,1,0
xerces,1.4.4,org.xml.sax.SAXNotRecognizedException,1,4,0,0,2,0,0,0,1,2,5,0,0,1,1,0,0,4,0,0,0
xerces,1.4.4,org.apache.html.dom.CollectionIndex,4,1,0,1,5,0,1,0,0,0,28,1,0,0,0.625,0,0,5.75,2,1,0
xerces,1.4.4,org.w3c.dom.html.HTMLHeadingElement,2,1,0,0,2,1,0,0,2,2,2,0,0,0,0.75,0,0,0,1,1,0
xerces,1.4.4,org.w3c.dom.events.MutationEvent,6,1,0,0,6,15,0,0,6,1.2,9,0,0,0,0.333333333,0,0,0,1,1,0
xerces,1.4.4,org.w3c.dom.html.HTMLOListElement,6,1,0,0,6,15,0,0,6,2,6,0,0,0,0.375,0,0,0,1,1,0
xerces,1.4.4,org.w3c.dom.html.HTMLImageElement,26,1,0,0,26,325,0,0,26,2,26,0,0,0,0.5,0,0,0,1,1,0
xerces,1.4.4,org.w3c.dom.html.HTMLIsIndexElement,3,1,0,0,3,3,0,0,3,2,3,0,0,0,0.666666667,0,0,0,1,1,0
xerces,1.4.4,org.w3c.dom.html.HTMLFieldSetElement,1,1,0,0,1,0,0,0,1,2,1,0,0,0,1,0,0,0,1,1,0
xerces,1.4.4,org.apache.xerces.impl.xs.XSGrammarResolver,6,1,0,6,16,0,5,1,6,0,108,1,1,0,0.555555556,0,0,16.66666667,4,1.8333,0
xerces,1.4.4,org.w3c.dom.Attr,5,1,0,0,5,10,0,0,5,2,5,0,0,0,0.6,0,0,0,1,1,0
xerces,1.4.4,org.xml.sax.helpers.AttributeListImpl,12,1,0,0,24,0,0,0,12,0.303030303,178,0,0,0,0.4375,0,0,13.58333333,2,1.25,0
xerces,1.4.4,org.w3c.dom.html.HTMLFormElement,16,1,0,0,16,120,0,0,16,2,16,0,0,0,0.6875,0,0,0,1,1,0
xerces,1.4.4,org.w3c.dom.html.HTMLFrameSetElement,4,1,0,0,4,6,0,0,4,2,4,0,0,0,0.75,0,0,0,1,1,0
xerces,1.4.4,org.w3c.dom.html.HTMLLIElement,4,1,0,0,4,6,0,0,4,2,4,0,0,0,0.5,0,0,0,1,1,0
xerces,1.4.4,org.apache.xerces.impl.xs.util.HexBin,8,1,0,1,10,20,1,0,5,0.857142857,266,1,0,0,0.25,0,0,31.75,5,2.25,0
xerces,1.4.4,javax.xml.parsers.SAXParser,17,1,1,0,37,136,0,0,16,2,254,0,0,0,0.308823529,0,0,13.94117647,1,0.9412,0
xerces,1.4.4,org.xml.sax.SAXException,6,3,5,0,10,0,0,0,6,0,54,1,0,0.85,0.555555556,1,2,7.833333333,3,1,0
xerces,1.4.4,org.apache.xerces.impl.dv.dtd.DatatypeValidator,3,1,0,14,3,3,13,1,3,1.5,22,0,0,0,0.666666667,0,0,0,1,1,0
xerces,1.4.4,org.w3c.dom.html.HTMLButtonElement,12,1,0,0,12,66,0,0,12,2,12,0,0,0,0.354166667,0,0,0,1,1,0
xerces,1.4.4,org.w3c.dom.html.HTMLBodyElement,12,1,0,0,12,66,0,0,12,2,12,0,0,0,0.75,0,0,0,1,1,0
xerces,1.4.4,org.w3c.dom.html.HTMLTextAreaElement,23,1,0,0,23,253,0,0,23,2,23,0,0,0,0.347826087,0,0,0,1,1,0
xerces,1.4.4,org.w3c.dom.html.HTMLUListElement,4,1,0,0,4,6,0,0,4,2,4,0,0,0,0.5,0,0,0,1,1,0
xerces,1.4.4,org.apache.xerces.dom3.ls.DOMBuilderFilter,3,1,0,1,3,3,1,0,3,2,3,0,0,0,0.833333333,0,0,0,1,1,0
xerces,1.4.4,org.apache.xerces.impl.xs.XSTypeDecl,2,1,0,16,2,1,16,0,2,2,4,0,0,0,1,0,0,0,1,1,0
xerces,1.4.4,org.apache.xerces.impl.dv.dtd.InvalidDatatypeFacetException,4,4,0,10,7,6,10,0,4,2,21,0,0,1,0.666666667,0,0,4.25,0,0,0
xerces,1.4.4,org.xml.sax.helpers.XMLFilterImpl,36,1,0,0,69,246,0,0,35,0.804761905,436,1,6,0,0.125925926,0,0,10.94444444,2,1.1389,0
xerces,1.4.4,org.apache.xerces.dom3.ls.DOMInputSource,14,1,0,6,14,91,6,0,14,2,14,0,0,0,0.375,0,0,0,1,1,0
xerces,1.4.4,org.w3c.dom.Element,16,1,0,0,16,120,0,0,16,2,16,0,0,0,0.645833333,0,0,0,1,1,0
xerces,1.4.4,org.w3c.dom.html.HTMLPreElement,2,1,0,0,2,1,0,0,2,2,2,0,0,0,0.75,0,0,0,1,1,0
xerces,1.4.4,org.w3c.dom.html.HTMLBRElement,2,1,0,0,2,1,0,0,2,2,2,0,0,0,0.75,0,0,0,1,1,0
xerces,1.4.4,org.w3c.dom.html.HTMLTableCellElement,29,1,0,0,29,406,0,0,29,2,29,0,0,0,0.370689655,0,0,0,1,1,0
xerces,1.4.4,org.apache.xerces.impl.dv.xs.DateTimeDatatypeValidator,3,4,0,6,12,3,2,4,2,2,68,0,0,0.985714286,0.428571429,1,7,21.66666667,1,0.3333,1
xerces,1.4.4,org.apache.wml.WMLPElement,6,1,0,2,6,15,1,1,6,2,6,0,0,0,0.75,0,0,0,1,1,1
xerces,1.4.4,org.apache.xerces.util.SymbolHash,9,1,0,4,15,0,2,2,8,0.1875,243,1,1,0,0.422222222,0,0,25.77777778,6,2.1111,1
xerces,1.4.4,org.apache.wml.WMLBigElement,2,1,0,2,2,1,1,1,2,2,2,0,0,0,0.75,0,0,0,1,1,1
xerces,1.4.4,org.apache.wml.WMLMetaElement,10,1,0,2,10,45,1,1,10,2,10,0,0,0,0.5,0,0,0,1,1,1
xerces,1.4.4,org.apache.wml.WMLStrongElement,2,1,0,2,2,1,1,1,2,2,2,0,0,0,0.75,0,0,0,1,1,1
xerces,1.4.4,javax.xml.parsers.FactoryFinder,6,1,0,0,36,15,0,0,0,0.933333333,304,0.333333333,0,0,0.333333333,0,0,49.16666667,1,0.8333,1
xerces,1.4.4,org.apache.xerces.impl.xpath.regex.BMPattern,8,1,0,1,14,0,1,0,5,0.142857143,574,0,0,0,0.520833333,0,0,70.375,8,5.625,1
xerces,1.4.4,org.apache.wml.WMLSmallElement,2,1,0,2,2,1,1,1,2,2,2,0,0,0,0.75,0,0,0,1,1,1
xerces,1.4.4,org.apache.xerces.impl.dv.xs.InvalidDatatypeValueException,8,4,0,26,12,0,25,1,8,0.285714286,64,1,0,0.818181818,0.4375,0,0,6.75,1,0.5,1
xerces,1.4.4,org.apache.xerces.impl.xs.identity.UniqueOrKey,2,2,0,9,3,1,8,1,1,1,18,0,0,1,1,0,0,6.5,0,0,1
xerces,1.4.4,org.apache.wml.WMLTdElement,2,1,0,2,2,1,1,1,2,2,2,0,0,0,0.75,0,0,0,1,1,1
xerces,1.4.4,org.apache.xerces.util.MessageFormatter,1,1,0,7,1,0,7,0,1,2,1,0,0,0,1,0,0,0,1,1,1
xerces,1.4.4,org.apache.xerces.dom3.as.DOMASException,1,4,0,5,2,0,5,0,1,2,13,0,0,1,1,0,0,7,0,0,1
xerces,1.4.4,org.apache.xerces.impl.dv.dtd.StringDatatypeValidator,9,2,0,5,30,20,1,4,7,0.615384615,619,0.923076923,1,0.3,0.301587302,0,0,66.33333333,1,0.7778,1
xerces,1.4.4,org.apache.xerces.impl.xs.util.XIntPool,3,1,0,2,5,1,1,1,2,1,41,1,1,0,0.75,0,0,12,3,1,1
xerces,1.4.4,org.apache.xerces.impl.dv.xs.AbstractDatatypeValidator,12,1,6,14,18,50,8,6,11,0.936363636,98,0.9,4,0,0.25,0,0,6.333333333,1,0.9167,1
xerces,1.4.4,org.apache.wml.WMLOptgroupElement,4,1,0,2,4,6,1,1,4,2,4,0,0,0,0.75,0,0,0,1,1,1
xerces,1.4.4,org.apache.xerces.impl.dv.xs.AbstractNumericValidator,7,3,3,11,22,21,5,6,4,2,217,0,0,0.84375,0.333333333,0,0,30,1,0.7143,1
xerces,1.4.4,org.apache.wml.WMLTemplateElement,6,1,0,2,6,15,1,1,6,2,6,0,0,0,0.75,0,0,0,1,1,1
xerces,1.4.4,org.apache.xerces.util.ParserConfigurationSettings,10,1,1,3,21,19,1,2,8,0.488888889,195,1,1,0,0.35,0,0,18,4,1.4,1
xerces,1.4.4,org.apache.xerces.impl.dv.xs.DatatypeValidatorFactory,1,1,0,3,1,0,1,2,1,2,1,0,0,0,1,0,0,0,1,1,1
xerces,1.4.4,org.apache.xerces.xni.parser.XMLDTDFilter,0,1,0,3,0,0,1,2,0,2,0,0,0,0,0,0,0,0,0,0,1
xerces,1.4.4,org.apache.xerces.impl.dv.xs.XSDatatypeException,5,3,2,2,7,10,2,0,5,2,20,0,0,0.944444444,0.6,0,0,3,1,0.2,1
xerces,1.4.4,org.apache.xerces.impl.dv.xs.DateTimeValidator,44,3,9,18,71,766,9,9,5,0.98089701,1970,1,0,0.391304348,0.193181818,1,6,43.13636364,20,2.5682,1
xerces,1.4.4,org.apache.xerces.xni.parser.XMLDocumentFilter,0,1,0,5,0,0,3,2,0,2,0,0,0,0,0,0,0,0,0,0,1
xerces,1.4.4,org.apache.xerces.dom3.as.ASContentModel,11,1,0,5,11,55,2,3,11,1.1,16,0,0,0,0.327272727,0,0,0,1,1,1
xerces,1.4.4,org.apache.wml.WMLIElement,2,1,0,2,2,1,1,1,2,2,2,0,0,0,0.75,0,0,0,1,1,1
xerces,1.4.4,org.apache.xerces.impl.dv.xs.StateMessageDatatype,3,1,0,0,3,3,0,0,3,2,3,0,0,0,0.666666667,0,0,0,1,1,1
xerces,1.4.4,org.xml.sax.helpers.XMLReaderFactory,3,1,0,0,14,3,0,0,2,2,102,0,0,0,0.333333333,0,0,33,1,0.6667,1
xerces,1.4.4,org.apache.xerces.impl.dtd.models.CMUniOp,5,2,0,4,12,0,2,2,2,0,55,1,1,0.666666667,0.45,1,2,9.8,2,1,1
xerces,1.4.4,org.apache.xerces.dom.DeferredElementImpl,4,3,0,6,16,0,1,6,1,0.666666667,82,0.5,0,0.96,0.5,2,8,19,3,1.25,1
xerces,1.4.4,org.apache.xerces.dom.CDATASectionImpl,3,4,1,3,4,3,2,2,3,1.5,13,0,0,0.967741935,0.555555556,1,4,3,1,0.6667,1
xerces,1.4.4,org.apache.xerces.impl.dv.xs.UnionDatatypeValidator,10,2,0,13,35,0,3,10,8,0.377777778,537,1,0,0.611111111,0.3,1,2,52.2,4,1.3,1
xerces,1.4.4,org.apache.xerces.impl.dv.xs.InvalidDatatypeFacetException,8,4,0,16,12,0,15,1,8,0.285714286,64,1,0,0.818181818,0.4375,0,0,6.75,1,0.5,1
xerces,1.4.4,org.apache.wml.WMLEmElement,2,1,0,2,2,1,1,1,2,2,2,0,0,0,0.75,0,0,0,1,1,1
xerces,1.4.4,org.apache.xerces.impl.dtd.XMLSimpleType,4,1,0,6,6,0,5,1,4,0.964912281,142,0,1,0,0.357142857,0,0,29.75,3,1.75,1
xerces,1.4.4,org.apache.xerces.impl.dtd.Grammar,63,1,1,28,98,1703,6,22,27,0.933870968,3757,0.98,10,0,0.095959596,0,0,57.84126984,28,3.2222,1
xerces,1.4.4,org.apache.xerces.xni.XMLDTDContentModelHandler,10,1,0,11,10,45,10,1,10,1.111111111,15,0,0,0,0.466666667,0,0,0,1,1,1
xerces,1.4.4,org.apache.xerces.util.DefaultErrorHandler,6,1,0,4,19,13,1,3,5,0,104,1,0,0,0.625,0,0,16.16666667,3,1,1
xerces,1.4.4,org.apache.xerces.impl.Version,3,1,0,0,5,1,0,0,2,0.5,14,0,0,0,0.5,0,0,3.333333333,1,0.3333,1
xerces,1.4.4,org.apache.xerces.impl.dtd.XMLNotationDecl,3,1,0,2,4,1,2,0,3,0.5,29,0,0,0,0.666666667,0,0,7.666666667,1,0.6667,1
xerces,1.4.4,org.apache.wml.WMLDOMImplementation,0,1,0,1,0,0,1,0,0,2,0,0,0,0,0,0,0,0,0,0,1
xerces,1.4.4,org.apache.xerces.impl.xpath.regex.Match,12,1,0,3,22,0,3,1,6,0.53030303,332,0,0,0,0.35,0,0,26.16666667,8,2.75,1
xerces,1.4.4,org.apache.xerces.xni.parser.XMLDTDContentModelFilter,0,1,0,3,0,0,1,2,0,2,0,0,0,0,0,0,0,0,0,0,1
xerces,1.4.4,org.apache.xerces.xni.XMLDocumentHandler,18,1,0,18,18,153,13,5,18,2,18,0,0,0,0.342592593,0,0,0,1,1,1
xerces,1.4.4,org.apache.xerces.dom.DeepNodeListImpl,5,1,1,4,21,0,3,2,4,0.25,264,1,1,0,0.44,0,0,50.6,22,6,1
xerces,1.4.4,org.apache.html.dom.HTMLDOMImplementationImpl,4,2,0,2,8,4,0,2,2,0.666666667,31,1,1,0.666666667,0.5,0,0,6.5,1,0.5,1
xerces,1.4.4,org.apache.xerces.xni.parser.XMLEntityResolver,1,1,0,10,1,0,8,2,1,2,1,0,0,0,1,0,0,0,1,1,1
xerces,1.4.4,org.apache.xerces.xni.parser.XMLDTDSource,1,1,0,3,1,0,2,1,1,2,1,0,0,0,1,0,0,0,1,1,1
xerces,1.4.4,org.apache.wml.WMLTrElement,0,1,0,2,0,0,1,1,0,2,0,0,0,0,0,0,0,0,0,0,1
xerces,1.4.4,org.apache.wml.WMLAElement,8,1,0,2,8,28,1,1,8,2,8,0,0,0,0.75,0,0,0,1,1,1
xerces,1.4.4,org.apache.wml.WMLBrElement,2,1,0,2,2,1,1,1,2,2,2,0,0,0,0.75,0,0,0,1,1,1
xerces,1.4.4,org.apache.html.dom.NameNodeListImpl,2,2,0,4,10,1,1,3,1,2,76,0,0,0.75,0.625,2,2,37,11,5.5,1
xerces,1.4.4,org.apache.xerces.impl.dv.dtd.IDDatatypeValidator,13,2,0,10,29,68,3,7,10,0.883333333,134,1,2,0.214285714,0.213675214,0,0,8.923076923,3,1,1
xerces,1.4.4,org.apache.xerces.impl.dv.xs.AbstractNumericFacetValidator,18,2,2,9,33,151,2,7,3,0.950980392,1365,1,0,0.407407407,0.236111111,1,1,74.5,2,0.9444,1
xerces,1.4.4,org.apache.xerces.impl.dv.xs.YearMonthDatatypeValidator,3,4,0,6,11,3,2,4,2,2,57,0,0,0.985714286,0.428571429,1,7,18,1,0.3333,1
xerces,1.4.4,org.apache.wml.WMLAnchorElement,4,1,0,2,4,6,1,1,4,2,4,0,0,0,0.75,0,0,0,1,1,1
xerces,1.4.4,org.apache.xerces.impl.dv.xs.DateDatatypeValidator,3,4,0,6,11,3,2,4,2,2,53,0,0,0.985714286,0.428571429,1,7,16.66666667,1,0.3333,1
xerces,1.4.4,org.apache.xerces.impl.dv.xs.MonthDatatypeValidator,5,4,0,6,22,10,2,4,2,2,263,0,0,0.958333333,0.371428571,1,9,51.6,10,2.4,1
xerces,1.4.4,org.apache.xerces.dom.DeferredElementDefinitionImpl,4,3,0,6,16,0,1,6,1,0.666666667,84,0.5,0,0.94,0.5,2,7,19.5,2,1,1
xerces,1.4.4,org.apache.xerces.xni.parser.XMLComponentManager,2,1,0,16,2,1,15,1,2,2,2,0,0,0,1,0,0,0,1,1,1
xerces,1.4.4,org.apache.xerces.impl.dtd.XMLAttributeDecl,3,1,0,5,10,0,3,2,3,0.166666667,41,0,2,0,0.5,0,0,11.66666667,1,0.6667,1
xerces,1.4.4,org.apache.wml.WMLUElement,2,1,0,2,2,1,1,1,2,2,2,0,0,0,0.75,0,0,0,1,1,1
xerces,1.4.4,org.apache.xerces.impl.dtd.XMLContentSpec,10,1,0,3,13,25,3,1,10,0.944444444,139,0,0,0,0.35,1,1,11.1,6,1.2,1
xerces,1.4.4,org.apache.wml.WMLFieldsetElement,4,1,0,2,4,6,1,1,4,2,4,0,0,0,0.75,0,0,0,1,1,1
xerces,1.4.4,org.apache.xerces.dom.RangeExceptionImpl,1,5,0,1,2,0,1,0,1,2,6,0,0,1,1,0,0,5,0,0,1
xerces,1.4.4,org.apache.xerces.dom3.as.DocumentEditAS,2,1,0,1,2,1,0,1,2,2,2,0,0,0,0.75,0,0,0,1,1,1
xerces,1.4.4,org.apache.xerces.impl.xs.util.XInt,5,1,0,10,7,0,10,0,4,0,32,1,0,0,0.466666667,0,0,5.2,2,1,1
xerces,1.4.4,org.apache.xerces.xni.XMLLocator,5,1,0,20,5,10,20,0,5,2,5,0,0,0,1,0,0,0,1,1,1
xerces,1.4.4,org.apache.xerces.dom3.as.ASObjectList,2,1,0,5,2,1,4,1,2,2,2,0,0,0,0.75,0,0,0,1,1,1
xerces,1.4.4,org.apache.wml.WMLOptionElement,8,1,0,2,8,28,1,1,8,2,8,0,0,0,0.75,0,0,0,1,1,1
xerces,1.4.4,org.apache.wml.WMLImgElement,18,1,0,2,18,153,1,1,18,2,18,0,0,0,0.75,0,0,0,1,1,1
xerces,1.4.4,org.apache.xerces.impl.xs.models.XSCMUniOp,5,2,0,4,12,0,2,2,2,0,55,1,1,0.666666667,0.45,1,2,9.8,2,1,1
xerces,1.4.4,org.apache.wml.WMLCardElement,14,1,0,2,14,91,1,1,14,2,14,0,0,0,0.5,0,0,0,1,1,1
xerces,1.4.4,org.apache.xerces.impl.dv.xs.ListDatatypeValidator,8,2,0,15,41,2,5,10,6,0.392857143,848,1,0,0.647058824,0.296875,1,2,104.5,6,1.75,1
xerces,1.4.4,org.apache.xerces.dom.DeferredDocumentTypeImpl,4,3,0,7,30,0,1,7,1,0.666666667,173,0.5,0,0.947368421,0.5,2,5,41.75,8,2.5,1
xerces,1.4.4,org.apache.html.dom.HTMLFormControl,0,1,0,8,0,0,8,0,0,2,0,0,0,0,0,0,0,0,0,0,1
xerces,1.4.4,org.apache.xerces.parsers.XMLParser,3,1,2,5,6,1,2,3,1,1.166666667,35,1,1,0,0.555555556,0,0,9.666666667,1,0.6667,1
xerces,1.4.4,org.apache.xerces.dom3.as.ASDataType,1,1,0,2,1,0,2,0,1,2,47,0,0,0,1,0,0,0,1,1,1
xerces,1.4.4,org.apache.wml.WMLPrevElement,0,1,0,2,0,0,1,1,0,2,0,0,0,0,0,0,0,0,0,0,1
xerces,1.4.4,org.apache.wml.WMLPostfieldElement,4,1,0,2,4,6,1,1,4,2,4,0,0,0,0.75,0,0,0,1,1,1
xerces,1.4.4,org.apache.xerces.impl.validation.ValidationManager,5,1,0,4,8,0,3,1,5,0.375,35,1,1,0,0.6,0,0,5.6,1,0.8,1
xerces,1.4.4,org.apache.xerces.dom3.as.CharacterDataEditAS,6,1,0,1,6,15,0,1,6,2,6,0,0,0,0.722222222,0,0,0,1,1,1
xerces,1.4.4,org.apache.wml.WMLSetvarElement,4,1,0,2,4,6,1,1,4,2,4,0,0,0,0.75,0,0,0,1,1,1
xerces,1.4.4,org.apache.xerces.impl.dtd.models.CMBinOp,6,2,0,4,14,0,2,2,2,0.2,154,1,2,0.615384615,0.416666667,1,2,24.33333333,7,2.8333,1
xerces,1.4.4,org.apache.wml.WMLInputElement,20,1,0,2,20,190,1,1,20,2,20,0,0,0,0.375,0,0,0,1,1,1
xerces,1.4.4,org.apache.xerces.impl.dv.xs.StringDatatypeValidator,9,3,3,11,19,16,6,5,5,0.5,283,1,0,0.766666667,0.26984127,3,8,30.33333333,3,1.2222,1
xerces,1.4.4,org.apache.xerces.xni.parser.XMLParseException,8,5,0,6,23,0,4,2,8,0.571428571,183,1,0,0.75,0.40625,1,1,21.25,8,1.625,1
xerces,1.4.4,org.apache.xerces.xni.parser.XMLErrorHandler,3,1,0,9,3,3,7,2,3,2,3,0,0,0,1,0,0,0,1,1,1
xerces,1.4.4,org.apache.xerces.jaxp.DefaultValidationErrorHandler,3,2,0,2,12,0,2,0,1,0.5,79,1,0,0.944444444,0.75,0,0,24.66666667,1,0.3333,1
xerces,1.4.4,org.apache.xerces.xni.parser.XMLDocumentScanner,2,1,0,5,2,1,2,3,2,2,2,0,0,0,0.666666667,0,0,0,1,1,1
xerces,1.4.4,org.apache.xerces.xni.parser.XMLConfigurationException,4,5,0,19,5,0,18,1,4,0.833333333,34,0.5,0,0.9,0.666666667,0,0,6.5,1,0.5,1
xerces,1.4.4,org.apache.xerces.impl.dtd.models.MixedContentModel,2,1,0,3,4,0,1,2,2,0,288,1,1,0,0.8,0,0,140.5,28,14,1
xerces,1.4.4,org.apache.xerces.impl.dv.xs.FloatDatatypeValidator,19,4,0,11,39,133,2,9,3,2,442,0,0,0.653061224,0.205741627,2,11,22.26315789,5,1.3158,1
xerces,1.4.4,org.apache.xerces.impl.dv.dtd.IDREFDatatypeValidator,14,2,0,10,38,71,3,7,10,0.717948718,219,1,2,0.2,0.214285714,0,0,14.21428571,6,1.2857,1
xerces,1.4.4,org.apache.xerces.xni.parser.XMLDocumentSource,1,1,0,3,1,0,2,1,1,2,1,0,0,0,1,0,0,0,1,1,1
xerces,1.4.4,org.xml.sax.helpers.AttributesImpl,26,1,0,0,40,0,0,0,24,0.08,763,0,0,0,0.528846154,0,0,28.26923077,5,2.6538,1
xerces,1.4.4,org.apache.xerces.impl.dv.xs.YearDatatypeValidator,4,4,0,6,18,6,2,4,2,2,110,0,0,0.971830986,0.392857143,1,10,26.5,1,0.5,1
xerces,1.4.4,org.apache.wml.WMLSelectElement,16,1,0,2,16,120,1,1,16,2,16,0,0,0,0.375,0,0,0,1,1,1
xerces,1.4.4,org.apache.xerces.impl.dv.xs.DurationDatatypeValidator,8,4,0,6,26,20,2,4,2,0.714285714,1028,1,0,0.932432432,0.317460317,1,10,127.25,9,2.625,1
xerces,1.4.4,org.apache.xerces.impl.dv.dtd.NOTATIONDatatypeValidator,8,2,0,6,15,26,2,4,7,0.714285714,48,1,1,0.333333333,0.285714286,0,0,4.875,1,0.75,1
xerces,1.4.4,org.apache.xerces.impl.dv.xs.DayDatatypeValidator,4,4,0,6,19,6,2,4,2,1.333333333,146,1,0,0.971830986,0.392857143,1,9,35.25,1,0.5,1
xerces,1.4.4,org.apache.wml.WMLAccessElement,4,1,0,2,4,6,1,1,4,2,4,0,0,0,0.75,0,0,0,1,1,1
xerces,1.4.4,org.apache.xerces.util.IntStack,8,1,0,2,14,0,2,0,7,0.357142857,144,1,0,0,0.625,0,0,16.75,4,1.375,1
xerces,1.4.4,org.apache.xerces.dom3.as.ASModel,20,1,0,13,20,190,5,9,20,2,20,0,0,0,0.3,0,0,0,1,1,1
xerces,1.4.4,org.apache.xerces.impl.dv.dtd.ENTITYDatatypeValidator,10,2,0,9,24,37,2,7,9,0.740740741,123,1,3,0.272727273,0.3,0,0,11,1,0.8,1
xerces,1.4.4,org.apache.xerces.dom3.as.ASEntityDeclaration,8,1,0,2,8,28,1,1,8,1.142857143,10,0,0,0,0.5,0,0,0,1,1,1
xerces,1.4.4,org.apache.xerces.dom.ChildNode,8,2,2,9,14,18,9,2,5,0.904761905,69,0.666666667,2,0.88,0.416666667,1,3,7.25,2,1.25,1
xerces,1.4.4,org.apache.wml.WMLDocument,0,1,0,1,0,0,1,0,0,2,0,0,0,0,0,0,0,0,0,0,1
xerces,1.4.4,org.apache.xerces.impl.dv.xs.QNameDatatypeValidator,7,3,0,9,21,15,2,7,4,0.666666667,97,1,1,0.851851852,0.388888889,2,4,12.71428571,2,0.7143,1
xerces,1.4.4,org.apache.xerces.impl.xpath.XPathException,2,3,0,6,4,1,6,0,2,2,9,0,0,1,0.75,0,0,3.5,0,0,1
xerces,1.4.4,org.apache.wml.WMLGoElement,8,1,0,2,8,28,1,1,8,2,8,0,0,0,0.75,0,0,0,1,1,1
xerces,1.4.4,org.apache.xerces.impl.xpath.regex.Op,24,1,6,10,39,234,7,9,0,1.023550725,268,0,1,0,0.195652174,0,0,9.166666667,2,0.9583,1
xerces,1.4.4,org.apache.xerces.impl.dv.xs.BooleanDatatypeValidator,8,2,0,11,28,24,2,9,6,0.714285714,248,1,0,0.6875,0.326530612,1,1,29.875,3,0.875,1
xerces,1.4.4,org.apache.xerces.impl.dtd.models.SimpleContentModel,2,1,0,3,7,0,1,2,2,0.666666667,381,0.666666667,2,0,0.583333333,0,0,186.5,42,21,1
xerces,1.4.4,org.apache.xerces.impl.xpath.regex.ParseException,2,4,0,4,3,0,4,0,2,0,13,0,0,0.944444444,0.666666667,0,0,5,1,0.5,1
xerces,1.4.4,org.apache.xerces.impl.dv.xs.NOTATIONDatatypeValidator,7,3,0,11,26,21,3,8,4,2,207,0,0,0.821428571,0.408163265,2,6,28.57142857,2,0.8571,1
xerces,1.4.4,org.apache.xerces.impl.dv.xs.IDDatatypeValidator,5,4,0,11,17,10,6,5,5,2,80,0,0,0.909090909,0.314285714,0,0,15,1,0.6,1
xerces,1.4.4,org.apache.xerces.xni.XMLString,9,1,1,21,13,6,21,0,9,0.125,141,0,0,0,0.4,0,0,14.33333333,5,1.6667,1
xerces,1.4.4,org.apache.xerces.impl.dv.xs.DatatypeValidatorFactoryImpl,15,1,0,29,56,69,0,29,7,0.75,881,0.75,0,0,0.341666667,0,0,57.2,7,2.2,1
xerces,1.4.4,org.apache.xerces.dom3.as.ASAttributeDeclaration,10,1,0,5,10,45,2,3,10,1.111111111,13,0,0,0,0.3,0,0,0,1,1,1
xerces,1.4.4,org.apache.wml.WMLTableElement,8,1,0,2,8,28,1,1,8,2,8,0,0,0,0.5,0,0,0,1,1,1
xerces,1.4.4,org.apache.xerces.impl.xs.XMLSchemaException,4,3,0,6,5,2,6,0,4,0.333333333,31,0,0,0.894736842,0.583333333,0,0,6.25,1,0.5,1
xerces,1.4.4,org.apache.xerces.impl.dtd.models.ContentModelValidator,1,1,0,8,1,0,7,1,1,2,1,0,0,0,1,0,0,0,1,1,1
xerces,1.4.4,org.apache.html.dom.HTMLDocumentImpl,34,3,0,59,83,541,55,9,29,0.96969697,1017,0.8,5,0.733333333,0.284848485,2,4,28.61764706,7,2.2059,10
xerces,1.4.4,org.apache.xerces.impl.xs.traversers.XSDElementTraverser,6,2,0,22,48,5,2,21,0,0.933333333,706,0.666666667,2,0.666666667,0.375,1,2,116.1666667,52,10.3333,10
xerces,1.4.4,org.apache.xerces.dom.RangeImpl,55,1,0,3,99,473,1,3,26,0.798941799,2660,0,7,0,0.246464646,0,0,47.10909091,20,3.8182,10
xerces,1.4.4,org.apache.xerces.impl.xs.XSComplexTypeDecl,10,1,0,15,20,19,10,6,9,0.901234568,310,0.111111111,5,0,0.4,0,0,28.2,3,1.4,10
xerces,1.4.4,org.apache.xerces.impl.xs.traversers.XSDSimpleTypeTraverser,7,2,0,19,40,9,4,16,0,0.611111111,953,1,1,0.625,0.30952381,0,0,134.7142857,67,11.8571,10
xerces,1.4.4,org.apache.xerces.impl.xpath.XPath,6,1,2,18,39,1,8,11,5,0.8,781,1,2,0,0.333333333,0,0,128.1666667,3,1.3333,11
xerces,1.4.4,org.apache.xerces.impl.xs.traversers.XSDAbstractTraverser,11,1,8,29,59,5,9,24,0,0.926666667,1209,0.8,5,0,0.212121212,0,0,107.5454545,40,9,11
xerces,1.4.4,org.apache.xerces.jaxp.SAXParserImpl,8,2,0,3,25,0,1,2,6,0.714285714,139,1,2,0.730769231,0.35,1,1,15.875,1,0.875,12
xerces,1.4.4,org.apache.xerces.impl.dtd.DTDGrammar,42,2,0,18,89,673,2,16,35,0.951219512,1494,0.75,7,0.601941748,0.177489177,2,12,33.80952381,5,1.2619,12
xerces,1.4.4,org.apache.xerces.dom.ParentNode,31,3,7,16,71,227,14,5,14,0.6,975,0.75,3,0.632911392,0.17921147,2,21,30.32258065,17,2.5806,12
xerces,1.4.4,org.apache.xerces.impl.xs.traversers.XSAttributeChecker,12,1,0,35,75,14,16,21,7,0.965786901,4202,0.559139785,19,0,0.20979021,0,0,341.4166667,31,6.6667,13
xerces,1.4.4,org.apache.xerces.util.EncodingMap,8,1,0,1,13,4,1,0,7,0.571428571,424,1,0,0,0.5,0,0,51.75,1,0.75,13
xerces,1.4.4,org.apache.xerces.impl.dtd.XMLDTDValidator,66,1,0,38,230,489,1,37,49,0.933687003,3681,1,25,0,0.116742081,0,0,53.45454545,11,1.5758,13
xerces,1.4.4,org.apache.xerces.impl.xs.XSConstraints,12,1,0,24,34,66,7,17,10,2,558,0,0,0,0.179487179,0,0,45.5,13,6.4167,13
xerces,1.4.4,org.apache.xerces.dom.AttrNSImpl,6,3,1,4,21,3,3,2,4,0.96,255,0.4,0,0.9375,0.611111111,3,3,40.66666667,3,1.3333,14
xerces,1.4.4,org.apache.xerces.parsers.AbstractSAXParser,44,3,1,17,131,588,1,16,39,0.925581395,1328,1,7,0.5,0.101674641,3,6,28.84090909,2,1,14
xerces,1.4.4,org.apache.xml.serialize.BaseMarkupSerializer,57,1,3,10,126,920,3,7,38,0.771428571,2036,0.933333333,4,0,0.136302294,0,0,34.45614035,7,1.2456,15
xerces,1.4.4,org.apache.xerces.dom.DeferredDocumentImpl,69,3,0,25,129,1784,15,24,50,0.891304348,3050,0.956521739,0,0.571428571,0.181716834,2,12,42.86956522,12,2.6232,15
xerces,1.4.4,org.apache.xerces.dom.DocumentImpl,42,5,3,20,101,457,13,12,12,0.832752613,1394,0.714285714,1,0.8,0.163865546,4,18,32.02380952,33,3.7381,15
xerces,1.4.4,org.apache.xerces.dom.AttrImpl,38,2,2,13,98,421,10,4,24,0.817567568,1100,0.75,1,0.556962025,0.174174174,1,17,27.84210526,11,2.6053,16
xerces,1.4.4,org.apache.xerces.dom.NodeImpl,63,1,3,22,79,1617,22,2,36,0.956575682,531,0.846153846,1,0,0.147619048,0,0,7.222222222,5,1.4127,16
xerces,1.4.4,org.apache.xerces.impl.Constants,8,1,0,1,14,0,0,1,5,1.095238095,318,0.098039216,0,0,0.142857143,0,0,32.375,2,1.375,16
xerces,1.4.4,org.apache.xerces.dom.CoreDOMImplementationImpl,6,1,0,2,19,13,1,2,5,0.8,127,0,1,0,0.533333333,0,0,20,11,3,17
xerces,1.4.4,org.apache.xerces.dom.ElementNSImpl,6,3,1,3,21,3,2,2,4,0.9,196,0.5,0,0.947368421,0.611111111,3,3,31,3,1.3333,17
xerces,1.4.4,org.apache.xerces.impl.xs.SchemaGrammar,25,1,0,57,66,190,18,39,17,0.901515152,1159,0.409090909,14,0,0.136111111,0,0,44.48,3,1.08,18
xerces,1.4.4,org.apache.xerces.impl.XMLDocumentScannerImpl,15,3,0,20,50,79,6,19,9,0.988095238,410,1,7,0.779661017,0.205357143,2,14,24.73333333,2,0.9333,18
xerces,1.4.4,org.apache.xerces.impl.xs.traversers.XSDComplexTypeTraverser,15,3,0,24,60,87,3,23,0,0.964285714,1645,1,1,0.535714286,0.344155844,2,4,108.5333333,12,2.0667,20
xerces,1.4.4,org.apache.xerces.dom.ElementImpl,30,4,4,16,79,57,10,9,24,0.735632184,683,0.666666667,1,0.738317757,0.333333333,2,14,21.66666667,11,2.7333,21
xerces,1.4.4,org.apache.xerces.impl.XMLDTDScannerImpl,36,2,0,21,124,134,1,20,11,0.851612903,3317,1,9,0.333333333,0.187301587,2,4,90.27777778,2,1.0556,21
xerces,1.4.4,org.apache.xerces.impl.XMLScanner,18,1,2,14,68,0,2,12,7,0.882352941,1804,1,8,0,0.227272727,0,0,97.72222222,3,1.0556,21
xerces,1.4.4,org.apache.xml.serialize.XMLSerializer,14,2,0,5,86,41,1,4,10,2,1128,0,0,0.848484848,0.246031746,2,7,79.57142857,7,1.2143,24
xerces,1.4.4,org.apache.xerces.impl.XMLDocumentFragmentScannerImpl,31,2,1,25,116,177,3,23,12,0.945736434,1419,1,14,0.369565217,0.126190476,2,8,43.38709677,2,0.9677,24
xerces,1.4.4,org.apache.xerces.impl.xs.traversers.XSDHandler,25,1,0,41,137,122,15,37,3,0.863095238,3191,0.642857143,22,0,0.177777778,0,0,124.4,31,7.08,31
xerces,1.4.4,org.apache.xerces.dom.CoreDocumentImpl,78,4,1,42,166,2643,39,21,49,0.944805195,1258,0.833333333,3,0.519736842,0.129058442,2,19,14.97435897,9,1.3333,36
xerces,1.4.4,org.apache.xerces.parsers.AbstractDOMParser,24,3,1,17,122,0,1,16,21,0.856071964,1567,0.931034483,7,0.651515152,0.25,3,10,63.08333333,4,1.0833,37
xerces,1.4.4,org.apache.xerces.impl.XMLEntityManager,31,1,0,28,98,301,9,22,24,0.949425287,1373,0.965517241,6,0,0.16969697,0,0,42.35483871,39,2.9032,40
xerces,1.4.4,org.apache.xerces.impl.xs.XMLSchemaValidator,46,1,0,51,178,461,6,47,28,0.897916667,3157,0.375,21,0,0.157142857,0,0,66.23913043,51,4.8913,62
